s,x,y,psi,kappa
0.0,1.6760749147089193e-15,-3.160420110158565e-15,2.155512561084016,8.471352295445067e-05
11.560829760334085,-6.381569871946275,9.639935192953246,2.1555679364909817,7.19514653260907e-06
23.12165952066817,-12.761282743775652,19.281099409113075,2.155199364755232,-0.00011591027416975188
34.682489281002255,-19.12510522295666,28.93276653288257,2.153675030755333,0.000435659412293669
46.24331904133634,-25.51042849869727,38.57020572631786,2.156545118324406,-3.5031046600674305e-05
57.80414880167043,-31.90281277980552,48.202972968966385,2.1566530569354736,-4.157745526525884e-05
69.36497856200451,-38.29288976135628,57.83727082627702,2.156173993292541,-6.668940535683169e-05
80.9258083223386,-44.67671226626714,67.47571424019245,2.1554921178085498,-2.6876052063768747e-05
92.48663808267268,-51.05787735417879,77.11591739730206,2.1556980107090276,5.3612671731305787e-05
104.04746784300677,-57.44391810240086,86.75289132704724,2.156309023891605,3.8508658763644645e-05
115.60829760334086,-63.83399332445115,96.38719064388077,2.1564782151656,-7.5966996389940146e-06
127.16912736367495,-70.2234313043582,106.02191258752771,2.156217749419924,-3.330086463687273e-05
138.72995712400902,-76.60938387642578,115.65894506579444,2.155801193432263,-3.496419267479759e-05
150.2907868843431,-82.99166112353434,125.29841193575633,2.1555010162010206,-1.2790553899918473e-05
161.8516166446772,-89.37270128175405,134.938697824514,2.155582401449558,2.851394384337105e-05
173.41244640501128,-95.75671080162914,144.57701748728914,2.156071329649092,4.5661912114474684e-05
184.97327616534537,-102.14523227515127,154.21234719093005,2.1564052198529335,5.918114916787185e-06
196.53410592567946,-108.53446090354058,163.84720795790966,2.1562264080928766,-3.0189409465677177e-05
208.09493568601354,-114.92067245736095,173.4840687988637,2.1558493114020254,-3.060486691232097e-05
219.65576544634763,-121.3036307078406,183.1230847631349,2.1555840049515003,-1.3970619451528983e-05
231.21659520668172,-127.68504190111959,192.76312502153155,2.155530532791264,3.892159646478808e-06
242.7774249670158,-134.06680098336477,202.402934943149,2.1556385502728443,1.2678883580286053e-05
254.3382547273499,-140.449837711948,212.0418989759737,2.1557678015229427,7.101636125472837e-06
265.899084487684,-146.83350761155506,221.6804435968841,2.1557369019320562,-1.5672877403044765e-05
277.45991424801804,-153.2152230445176,231.32028249996694,2.1553187925184902,-6.107098962212747e-05
289.02074400835215,-159.58984089478292,240.96481625092161,2.1542042566535726,-0.00013790807565164693
300.5815737686862,-165.9486898714724,250.6197539687788,2.1519724173847417,-0.0002550582435386793
312.1424035290203,-172.27845581303234,260.2937794106666,2.148050833891923,-0.00044592509235147885
323.7032332893544,-178.55470006600902,270.0026007129508,2.1400875332189293,-0.0011131892187429477
335.2640630496885,-184.6794422418635,279.8073728847751,2.112232837684352,-0.004049759123891897
346.82489281002256,-190.38413248582486,289.86144190787905,2.0606199543944244,-0.004851687205939159
358.3857225703567,-195.46709280725977,300.242337485062,1.9828965357635269,-0.009337744320330424
369.94655233069074,-199.36495927240662,311.1166750640365,1.8318443511170819,-0.01710758999055617
381.5073820910248,-201.11106255798978,322.52395890325323,1.6082750319144232,-0.02021405796845938
393.0682118513589,-199.92479934297398,333.97815186323226,1.2699679476008976,-0.051502154215714496
404.62904161169297,-193.04145665187957,342.97383312522965,0.5613632152112248,-0.06331286658956077
416.1898713720271,-181.99068524547124,345.9161652156371,0.03169258271930808,-0.03193250783764342
427.75070113236114,-170.55664211990475,344.46483689122505,-0.24093997606532033,-0.011532084301030449
439.31153089269526,-159.4908504623438,341.1330083674805,-0.34398473422407183,-0.00979206896298532
450.8723606530293,-148.77242525679287,336.8057703867047,-0.40992101626833616,-0.003234972403840602
462.43319041336343,-138.2475939889762,332.02340024661555,-0.4415588129910995,-0.0023377496060120427
473.9940201736975,-127.85196159352446,326.96573379240596,-0.4617501895272645,-0.0011807803005284866
485.5548499340316,-117.5295882583294,321.7599071175019,-0.4712346935463463,-0.0005337930991878996
497.11567969436567,-107.23984633346018,316.4898119052288,-0.4744758126420266,-4.59396636230215e-05
508.6765094546998,-96.95500337783166,311.2101542116327,-0.47378876914807294,9.844376861827954e-05
520.2373392150339,-86.6652038536972,305.9401630827112,-0.47301855366374496,1.8679910794650696e-05
531.798168975368,-76.37476096395699,300.6714282440513,-0.47374397812955726,-0.00016724359348151244
543.358998735702,-66.0953603828407,295.38118991792896,-0.4774793898175631,-0.0004909545731802948
554.9198284960361,-55.84602456973882,290.0329594674596,-0.48502296789302707,-0.0008106737411645643
566.4806582563701,-45.647520213429594,284.588452350406,-0.49637768575515206,-0.0011586032989995632
578.0414880167043,-35.522308481954255,279.0088602215743,-0.5113884435788929,-0.0013887431054527655
589.6023177770384,-25.48631676341007,273.2703379603564,-0.5273706933415091,-0.0013517562420576115
601.1631475373724,-15.541682421008773,267.3748959447289,-0.5429373497970131,-0.0013803273126648974
612.7239772977065,-5.6938223265522705,261.3191944696351,-0.5602075044498194,-0.0016364058442297335
624.2848070580407,4.03748706785735,255.0779641124818,-0.5808907115230834,-0.00191448343283954
635.8456368183747,13.630349413055242,248.62599893685658,-0.6032051497928722,-0.0018753911579320135
647.4064665787088,23.082897148095913,241.97012739195705,-0.6232001838016129,-0.0015796659603349557
658.9672963390428,32.410933762798116,235.14081179590076,-0.6405111063788206,-0.0014639689414224766
670.528126099377,41.62091434985062,228.1530834562246,-0.6576977446084313,-0.0015103821062057805
682.0889558597111,50.708416756546605,221.00677001879595,-0.6749597500992464,-0.001451713552197066
693.6497856200451,59.6753878361727,213.70975732040878,-0.6909124064938849,-0.0013073566239245958
705.2106153803792,68.53045384358096,206.27732970926206,-0.7054999434529238,-0.0012383060086887513
716.7714451407134,77.27698589826768,198.71747874318552,-0.7201949990959196,-0.0013385625888210774
728.3322749010474,85.90372007284904,191.02123511231045,-0.7373371409080982,-0.001658361615627052
739.8931046613815,94.38110581323554,183.16084409642346,-0.7585286119579807,-0.001926481823806137
751.4539344217155,102.68900836242594,175.12155547605053,-0.7783006094328305,-0.0013695254547293411
763.0147641820496,110.87000967367105,166.95310329937314,-0.7895304369914856,-0.0006436439061299944
774.5755939423838,118.9857964412016,158.71983486476623,-0.7951497491336362,-0.0003845610458731417
786.1364237027178,127.06318894977476,150.44889243552223,-0.7992584891614005,-0.00034787144777401717
797.6972534630519,135.10690235286063,142.14519417927983,-0.8033640059650006,-0.0003568263679475581
809.2580832233859,143.11696924485946,133.80903471388868,-0.807201776624543,-0.0002945416940560739
820.8189129837201,151.09876639796278,125.4458016829198,-0.8100945059746719,-0.00021056017004242674
832.3797427440542,159.05977787778946,117.06277921732722,-0.8122558694590795,-0.00017120057397494864
843.9405725043882,167.0038419072852,108.66369467080577,-0.8142144453472708,-0.00017337874063990498
855.5014022647223,174.93092183919754,100.2485785472309,-0.8163268912437276,-0.00019102340627565528
867.0622320250565,182.8396497543838,91.81621232071987,-0.8185173769051513,-0.00018180294154248065
878.6230617853905,190.73078744034999,83.36738218105334,-0.8204597226609606,-0.00015452571688836833
890.1838915457246,198.60664187769208,74.90430323038164,-0.8221722089815947,-0.00014757032452818072
901.7447213060586,206.4677114326605,66.42748913207896,-0.8240289986008242,-0.00018085657270053849
913.3055510663928,214.31071228252844,57.93395413859425,-0.8265068067210597,-0.00025283418692870923
924.8663808267269,222.12880247007135,49.417482786335746,-0.8298985076386259,-0.00033044687783634693
936.4272105870609,229.91472526197296,40.871592967672456,-0.8339490204044367,-0.0003569677524700564
947.988040347395,237.66601693081404,32.2942789407777,-0.8378274789973208,-0.0003008988390040063
959.548870107729,245.3879786390492,23.690551681277135,-0.8406494454813499,-0.0001787455940744161
971.1096998680632,253.0924753311701,15.071182823416803,-0.8418037878658464,-1.4713353065196155e-05
982.6705296283973,260.7958258577897,6.450789551047256,-0.8408389531442748,0.0001893803149769606
994.2313593887313,268.51853821454426,-2.1522632106077437,-0.8371822559016403,0.00045997844857971124
1005.7921891490654,276.28827560553134,-10.712869778736577,-0.8295426698539469,0.0009090920218064653
1017.3530189093996,284.15133467433685,-19.187806079597177,-0.8143647100690723,0.0018279513131590373
1028.9138486697336,292.1981023500762,-27.488312299313012,-0.784288083660219,0.0034628255754001916
1040.4746784300678,300.5699791222558,-35.46017716320651,-0.7344752226512777,0.005056180656631124
1052.0355081904017,309.38895816805797,-42.933806426425456,-0.6695543253623228,0.006076251767011665
1063.596337950736,318.7025876116187,-49.78101068601319,-0.5988732784526929,0.005763541973399923
1075.1571677110699,328.4358402779235,-56.0184757454178,-0.5463980668294414,0.0029659824561386423
1086.717997471404,338.3733328349569,-61.926057422903,-0.5332077902641411,-0.0005928393821457367
1098.2788272317382,348.27639577048376,-67.89111189623212,-0.5559486402722031,-0.003125686611961025
1109.8396569920722,357.9639380335311,-74.20064845946864,-0.6015380439918953,-0.004641683269846982
1121.4004867524063,367.30250459094924,-81.01686022665334,-0.6614844835471896,-0.005684956103423322
1132.9613165127403,376.17431381782063,-88.4310932292631,-0.7325497401682345,-0.006600445935660055
1144.5221462730744,384.45505673380706,-96.50060803709196,-0.8141665043905325,-0.007510410333830379
1156.0829760334086,392.0054937882721,-105.25744866366628,-0.9057976513755255,-0.008262904280148864
1167.6438057937426,398.69334611348046,-114.68945113834917,-1.0021492691829266,-0.008214229566368523
1179.2046355540767,404.4678540506048,-124.70620279041717,-1.09115292263938,-0.006988562452684622
1190.765465314411,409.4198116458534,-135.15396699231042,-1.1618619700292852,-0.005263672259887916
1202.3262950747448,413.7219113962507,-145.88500309804144,-1.2147007401950216,-0.003993372098130799
1213.887124835079,417.51559915673744,-156.80598814863293,-1.257281753213111,-0.003504903099975993
1225.447954595413,420.8585525740976,-167.8730485799448,-1.297430321440813,-0.003377412429848266
1237.0087843557471,423.7806019518789,-179.05848530345455,-1.3305405501769736,-0.0020230714676002536
1248.5696141160813,426.46071984300943,-190.30436790477052,-1.3375027170265013,0.0008248623782204942
1260.1304438764153,429.23171400801436,-201.52819908400147,-1.3167378341198157,0.002534456915671332
1271.6912736367494,432.32087384984925,-212.66876370640546,-1.282294590262542,0.003370264838062639
1283.2521033970836,435.8432544399554,-223.68011210526757,-1.238356071697248,0.00427415624851827
1294.8129331574175,439.9069784195585,-234.50344560357476,-1.1829970931475529,0.005225660647962394
1306.3737629177517,444.60364086640857,-245.06735790716084,-1.1223237768401797,0.005008442269307206
1317.9345926780857,449.89064906356913,-255.3484822575091,-1.0721782698623332,0.00355627091802403
1329.4954224384198,455.59935418790684,-265.40162098898406,-1.0388334923136322,0.0023569284909806068
1341.056252198754,461.5874648956694,-275.29080465147086,-1.014614359661903,0.001934828596211765
1352.617081959088,467.7979372778949,-285.0419290348827,-0.9929985721652147,0.0018036917995013712
1364.1779117194221,474.2087890169299,-294.6624741533006,-0.9735539004946766,0.0015151790377120635
1375.738741479756,480.785653168916,-304.1703309306075,-0.9585963263170612,0.0010713888384245474
1387.2995712400902,487.4805127332165,-313.5954241424265,-0.9484763220739928,0.0006978553505110537
1398.8604010004244,494.2523141851962,-322.96536720416975,-0.9419865377332721,0.00044363119052913164
1410.4212307607584,501.0728720904159,-332.29987191506854,-0.9378785618972607,0.00027794096720025935
1421.9820605210925,507.92380351800625,-341.61209712889905,-0.9353796699929939,0.00015917485995147355
1433.5428902814267,514.7919535501081,-350.91162994367176,-0.9341578449427917,5.081543906609786e-05
1445.1037200417607,521.6653236434195,-360.20730461791203,-0.9343086231002099,-8.444954156426575e-05
1456.6645498020948,528.5292500614245,-369.50995414253185,-0.9362532680186731,-0.0002506753765020527
1468.2253795624288,535.3665682969188,-378.8321751947692,-0.9399496942219309,-0.00038132393859669243
1479.786209322763,542.1627436935128,-388.1844304711775,-0.9450598579793252,-0.000508675502138282
1491.3470390830971,548.9035319647948,-397.57668249621105,-0.9518280846076742,-0.0006666902668963832
1502.907868843431,555.571443233823,-407.02081029268464,-0.9605962035536318,-0.0008563002915053918
1514.4686986037652,562.1453877473216,-416.5305881457587,-0.9716769356101382,-0.001052942243379477
1526.0295283640992,568.6039678215747,-426.1191002482374,-0.9845837626046567,-0.0011602745343063383
1537.5903581244334,574.9343799449454,-435.7927272199825,-0.9980922432626929,-0.0011650010070510068
1549.1511878847675,581.1342131470898,-445.550572163986,-1.0114069460332418,-0.0011394724918815994
1560.7120176451015,587.2045994444762,-455.3894769951128,-1.024588442432404,-0.001151816468968883
1572.2728474054356,593.1425743948186,-465.30885962617265,-1.0383893472351666,-0.0012562268978686683
1583.8336771657698,598.9342665504761,-475.3143516521494,-1.0542744087830778,-0.0015271678288856306
1595.3945069261038,604.5458174073741,-485.421950304955,-1.0747131464132094,-0.002053391459035499
1606.955336686438,609.915180908803,-495.66018053047924,-1.1019839233647788,-0.0026238523727787366
1618.5161664467719,614.9783120345104,-506.053157290348,-1.1328400776410101,-0.0025762433307754814
1630.076996207106,619.7339675388099,-516.5904367009865,-1.1599104920155625,-0.0020944442718670592
1641.6378259674402,624.2318592130737,-527.2403637496434,-1.1816944537750433,-0.0017011408001771007
1653.1986557277742,628.5180459310278,-537.9772798040707,-1.1997651149316877,-0.0014409902945456757
1664.7594854881083,632.6242974948062,-548.7843043562843,-1.2151886427949867,-0.001224816267337046
1676.3203152484423,636.5777552124075,-559.6481585483385,-1.2278650416381536,-0.0009581335634831306
1687.8811450087765,640.4110519648311,-570.554986646117,-1.2371956185414568,-0.0006562558619976316
1699.4419747691106,644.1609549644597,-581.4907610657552,-1.243227703794851,-0.00040030861633031495
1711.0028045294446,647.8593308997703,-592.4440638341179,-1.2467698438382913,-0.00022602204028914576
1722.5636342897787,651.5283621065372,-603.4072297679202,-1.2487128202364168,-0.00011877501754820611
1734.124464050113,655.1819178369813,-614.3755621797314,-1.2496688293168987,-5.137916295754161e-05
1745.6852938104469,658.8287280252664,-625.3461392128606,-1.2499852309972976,-6.295132790120523e-06
1757.246123570781,662.4745401728012,-636.3170479514584,-1.2498880526493379,1.9151059694574005e-05
1768.806953331115,666.1224421525841,-647.2872619671641,-1.2496659045425906,1.2777112961108091e-05
1780.3677830914492,669.7716443970714,-658.2570435558006,-1.2497068470233104,-2.1580036937567422e-05
1791.9286128517833,673.4183728579333,-669.2276477205698,-1.250072969126488,-3.42642526251009e-05
1803.4894426121173,677.0610772947077,-680.1995887275801,-1.2503817269405846,-1.6787123097072426e-05
1815.0502723724514,680.7016765259449,-691.1722284264139,-1.2504515963478329,3.638661292900073e-06
1826.6111021327856,684.3426607623295,-702.1447403829648,-1.2503252023866014,1.714498749901064e-05
1838.1719318931196,687.9857598266266,-713.116550376166,-1.250077034764871,2.4981611838660706e-05
1849.7327616534537,691.6319860128606,-724.0873215528264,-1.2497626229184533,2.8953902113631902e-05
1861.2935914137877,695.2818693265395,-735.0568765858884,-1.2494128885199913,3.1623983618699964e-05
1872.8544211741219,698.9357994828823,-746.0250842591099,-1.2490180132929813,3.782186819453874e-05
1884.415250934456,702.5946430405471,-756.9916538732193,-1.2484954395309753,5.501238621778527e-05
1895.97608069479,706.2604360897669,-767.9559023506291,-1.2477590237121159,6.674369052673899e-05
1907.5369104551241,709.9340570225414,-778.917530530017,-1.2471774301507599,2.34608414402916e-05
1919.097740215458,713.6106245998022,-789.8781708299401,-1.2472287233210722,-2.3501962511166087e-05
1930.6585699757923,717.2850016137309,-800.8395456561161,-1.2474448019939228,-3.9251185010932465e-06
1942.2193997361264,720.9591940953769,-811.8009823384194,-1.2472056774365827,4.5109401657406124e-05
1953.7802294964604,724.638860152789,-822.7605827156603,-1.246488368618262,7.281235974643917e-05
1965.3410592567946,728.3273084438133,-833.7172305487023,-1.2456820351863425,5.979722368678011e-05
1976.9018890171287,732.0229638487734,-844.6714496142272,-1.2452369222375572,1.3906602078090307e-05
1988.4627187774627,735.7203953928415,-855.6250693217742,-1.245353382874356,-2.9483732733968382e-05
2000.0235485377968,739.4145314489482,-866.5798008577356,-1.245762382561812,-3.4341145811712126e-05
2011.5843782981308,743.1045890576352,-877.5359069019742,-1.2460501659591352,-1.480771761694556e-05
2023.145208058465,746.7927063509555,-888.4926662529631,-1.2461269907715453,-1.209165211268692e-07
2034.7060378187991,750.4807335199893,-899.449455945844,-1.2460799553301083,7.76125741868659e-06
2046.266867579133,754.1697235270865,-910.4059215042085,-1.2459552589406815,1.3407577552933476e-05
2057.8276973394672,757.8603483838642,-921.3618364769551,-1.245793380489271,1.283247422940251e-05
2069.388527099801,761.5524862842512,-932.3172416520692,-1.2456987328558122,2.2889038824585274e-06
2080.9493568601356,765.2449046942968,-943.2725522814839,-1.2457431014510858,-8.560137857679874e-06
2092.5101866204695,768.9363698686492,-954.2281841519651,-1.2458509978775751,-8.568061703347925e-06
2104.0710163808035,772.6268049876455,-965.1841630406475,-1.2459208286456993,-3.1827350760945736e-06
2115.6318461411374,776.3168275612588,-976.1402808817671,-1.2459276739040817,1.5748407908877478e-06
2127.192675901472,780.0070184036572,-987.096342049417,-1.2458957996116227,3.3887981744170765e-06
2138.753505661806,783.6976005702448,-998.0522714035636,-1.2458631502878978,1.6214677114735737e-06
2150.3143354221397,787.3883549787473,-1009.0081427359378,-1.2458701140351798,-3.0686532334383442e-06
2161.875165182474,791.0787285192063,-1019.9641423658757,-1.245930927449023,-6.793989956396904e-06
2173.435994942808,794.7683063601489,-1030.9204099826272,-1.246005206755726,-5.54619519567049e-06
2184.996824703142,798.45713539199,-1041.8769297370163,-1.2460786072222985,-1.0457814332320802e-05
2196.5576544634764,802.1442536269038,-1052.834025325073,-1.2463854886184267,-5.022961999452468e-05
2208.1184842238104,805.8245781121127,-1063.7934046111627,-1.247389870661194,-0.00012571507005599877
2219.6793139841443,809.4891959928892,-1074.7580456077123,-1.2492095116404756,-0.00017954609807462738
2231.2401437444787,813.1319733497647,-1085.7299618509412,-1.251205110286377,-0.0001472301749446537
2242.8009735048126,816.7572693892621,-1096.7076669860844,-1.2521849268863552,-8.844961590234214e-06
2254.3618032651466,820.3812156031532,-1107.6858179488815,-1.2514830332063684,0.0001146120945068631
2265.9226330254805,824.0186014117605,-1118.6595231112608,-1.2499262485775644,0.00014195348930075966
2277.483462785815,827.6736860157926,-1129.627346180141,-1.2483217206483475,0.00013369602008864002
2289.044292546149,831.3455624538324,-1140.589559035025,-1.2468954138580235,0.00010813616685020018
2300.605122306483,835.0305895696696,-1151.5473581168026,-1.2460230477264451,2.9974955002923074e-05
2312.165952066817,838.7183251612331,-1162.5042459722708,-1.2465996498257725,-0.0001512426217706739
2323.726781827151,842.3852511643576,-1173.468115435383,-1.2501235147924377,-0.0004905840241861519
2335.287611587485,845.9873967259037,-1184.4534335760166,-1.2588589285848009,-0.0010637765531362985
2346.8484413478195,849.4517139168787,-1195.482960131217,-1.2755758271308089,-0.0018438891871646146
2358.4092711081535,852.6807971687729,-1206.5835408946364,-1.3012981795485974,-0.002596495780208125
2369.9701008684874,855.5707846903784,-1217.7770150128881,-1.3373417434740587,-0.0038763383595758517
2381.530930628822,857.9216610791927,-1229.0949735732647,-1.4034806242318205,-0.00856204106427585
2393.0917603891558,859.1100034691622,-1240.5871072266339,-1.5435516686894493,-0.014010865528064844
2404.6525901494897,858.5607075407053,-1252.127460516788,-1.686871486241375,-0.011126372962930446
2416.2134199098236,856.4299460258989,-1263.4819208835293,-1.8376395965174699,-0.01755482735947683
2427.774249670158,851.9877021705672,-1274.1202897530256,-2.1018626381509495,-0.019272983251567836
2439.335079430492,845.3902659136533,-1283.6054807884789,-2.23504461879278,-0.007959090235069907
2450.895909190826,837.9126540483775,-1292.419735285852,-2.305254959974306,-0.0035942202156849664
2462.4567389511603,830.0898006786289,-1300.9317962045277,-2.310041157119518,0.003099873199282123
2474.0175687114943,822.6013232017764,-1309.7357207567231,-2.2252063517587706,0.011173891190932683
2485.578398471828,816.2609465796819,-1319.3921230757753,-2.0711707058665016,0.015018901953164111
2497.1392282321626,811.6710056279813,-1329.9889511788567,-1.8842263774609205,0.01688092404766106
2508.7000579924966,809.1797458906473,-1341.2649283487062,-1.6961411610430734,0.01490300259167974
2520.2608877528305,808.6449623676036,-1352.8050233486947,-1.5439573780074245,0.011943801333925893
2531.821717513165,809.7393152313734,-1364.3070017826894,-1.408881341108581,0.011258744276842272
2543.382547273499,812.2701268997988,-1375.582569875968,-1.299082013091212,0.00726565267351153
2554.943377033833,815.7385149149213,-1386.6095730203315,-1.241555330417653,0.0028749099456155517
2566.504206794167,819.5931134515123,-1397.5087914238493,-1.2251245033292038,0.00027617850926615206
2578.065036554501,823.4900394560304,-1408.39302100645,-1.2324518636502038,-0.0016435143041607962
2589.625866314835,827.1592970211354,-1419.3556626805018,-1.2703430674659903,-0.005370263675097791
2601.186696075169,830.1244535607408,-1430.5267623749455,-1.3618990170888012,-0.010203346802357783
2612.7475258355034,831.7940015430861,-1441.9603766612859,-1.492815975445515,-0.01185807729055869
2624.3083555958374,831.9042268493041,-1453.5146506483388,-1.6295555407143338,-0.011839689603419664
2635.8691853561713,830.4246892689252,-1464.9741084132836,-1.770247829360624,-0.012514548169779054
2647.4300151165057,827.3275021946729,-1476.1055388563423,-1.9122868260184924,-0.011579774832363115
2658.9908448768397,822.78198749976,-1486.7300769968388,-2.034225723683866,-0.009781029058792154
2670.5516746371736,817.0375032259258,-1496.7576005818014,-2.149410853557497,-0.01052524495604547
2682.112504397508,810.1258825623011,-1506.0176328013329,-2.274769450821968,-0.010629489102153002
2693.673334157842,802.1400387627384,-1514.369898831174,-2.390769794272605,-0.009549265446271882
2705.234163918176,793.3027211200985,-1521.8179438810635,-2.4845717908154192,-0.005869877773055856
2716.7949936785103,783.9769354378192,-1528.6493531637498,-2.5266657633710694,-0.0019894656491658692
2728.3558234388443,774.4792171974166,-1535.2406176179245,-2.5406754363077013,-0.0006629594500025737
2739.916653199178,764.9271618661904,-1541.7529855321584,-2.544586872033429,-6.385464078593343e-05
2751.477482959512,755.3691939790913,-1548.2566782620665,-2.5428436140246093,0.00034794911916412747
2763.0383127198465,745.8368950871304,-1554.7979228467211,-2.536907951132166,0.00065729222490696
2774.5991424801805,736.3533342147969,-1561.4096160696222,-2.5283885445830814,0.0007799902097312498
2786.1599722405144,726.9286874057367,-1568.1050175982546,-2.5195077351226844,0.0007459171779397205
2797.720802000849,717.5623600807884,-1574.881761983838,-2.5110206840333444,0.0007338543613665862
2809.281631761183,708.2535878091237,-1581.7373488695098,-2.5027397122730926,0.0006543431796711978
2820.8424615215167,698.9954781941389,-1588.6612185221131,-2.4966812843214066,0.00039681106354510896
2832.403291281851,689.770341151678,-1595.62897109683,-2.49297357567167,0.00027023162205979697
2843.964121042185,680.5676788638511,-1602.6263828998685,-2.4900486388853644,0.0002460677418466889
2855.524950802519,671.3852091556262,-1609.6502719562066,-2.4871405925475676,0.000259820129418885
2867.0857805628534,662.2238144460678,-1616.701626777845,-2.484081127188993,0.0002609749274756197
2878.6466103231874,653.0828255576661,-1623.77941461837,-2.4816258306350134,0.00012425648264779052
2890.2074400835213,643.949748276317,-1630.8674103921721,-2.482448587595641,-0.00031792361135557506
2901.7682698438553,634.7896121856128,-1637.9203850610581,-2.4895668223523546,-0.0009047552594021934
2913.3290996041897,625.55732304424,-1644.8786089583616,-2.502766330301037,-0.0013530195525884813
2924.8899293645236,616.2173865318572,-1651.6916186367093,-2.5208344014307853,-0.0018016950643074577
2936.4507591248575,606.7352745679786,-1658.305191009324,-2.5458530490742715,-0.0026181841900165324
2948.011588885192,597.0551151609852,-1664.6248546592237,-2.582802856583055,-0.0037343022916015633
2959.572418645526,587.1174572517252,-1670.5306614841372,-2.628655658504405,-0.004148665128541974
2971.13324840586,576.9004457715198,-1675.937985410888,-2.6841121019307947,-0.005773617505224476
2982.6940781661942,566.3317903685224,-1680.6160295906925,-2.7762486222991694,-0.011457678249109144
2994.254907926528,555.2224368733176,-1683.7536424764437,-2.9801189623068187,-0.022833174700057843
3005.815737686862,543.6945095095327,-1684.0814708193652,-3.244029107825377,-0.02218527842750207
3017.3765674471965,532.4455059279504,-1681.5106088219447,-3.479199914061846,-0.017576476952821503
3028.9373972075305,521.9718086318909,-1676.6512698627055,-3.677417317817176,-0.02066570971139849
3040.4982269678644,513.1000212662378,-1669.3138501239,-3.9899627747887503,-0.020512715688361754
3052.0590567281984,506.41884751819816,-1659.902814685886,-4.207849374335016,-0.022444546740192833
3063.6198864885328,502.2667686235713,-1649.1484452467007,-4.479792561957339,-0.022931175446040918
3075.1807162488667,501.0352956400779,-1637.6798929707345,-4.724049382546357,-0.020380775908914024
3086.7415460092006,502.7659250727996,-1626.287915741928,-4.997203098262799,-0.018147243000054155
3098.302375769535,507.091121987208,-1615.5849761484685,-5.195367190833516,-0.016645181176320217
3109.863205529869,513.2796316038878,-1605.8306891536324,-5.345734909300348,-0.009643983697049727
3121.424035290203,520.6016369376309,-1596.8898468683365,-5.454497632732826,-0.01126716539995917
3132.9848650505373,529.0029191101585,-1588.9609621558436,-5.593356347050069,-0.00886541231497984
3144.5456948108713,538.2181467155084,-1581.9840871834365,-5.672215620454141,-0.005809347867363389
3156.1065245712052,547.8609516557926,-1575.6079649083774,-5.718564967403371,-0.002276216330288261
3167.6673543315396,557.6819953927485,-1569.5088635849013,-5.7330753468024716,-0.0005571369184172783
3179.2281840918736,567.5482128835499,-1563.4829951624574,-5.735516118890887,7.387431309444233e-05
3190.7890138522075,577.4103351300456,-1557.450520588329,-5.732103592392622,0.0005045679547873212
3202.3498436125415,587.236795127258,-1551.36000661948,-5.723609908700609,0.0009992343973852843
3213.910673372876,596.9901985598297,-1545.1528751820215,-5.7075713489333,0.0018758306364152972
3225.47150313321,606.6009740222905,-1538.727231691456,-5.676666745233271,0.0037053755047916316
3237.0323328935438,615.9089014805746,-1531.8704921017004,-5.610893440344286,0.008413529310595733
3248.593162653878,624.4707459017333,-1524.1100151528647,-5.466022815964885,0.016945649626966333
3260.153992414212,631.3891386011993,-1514.8727366518458,-5.235546549104322,0.021288730346191526
3271.714822174546,636.0382820205881,-1504.3042116400782,-5.036237073879169,0.01264519755960845
3283.2756519348804,638.9916955858555,-1493.1325589626774,-4.907981743279946,0.01118905665526395
3294.8364816952144,640.4270165276889,-1481.669036850497,-4.76003062792862,0.01400903626773041
3306.3973114555483,640.06127278728,-1470.1231552877878,-4.605415323759804,0.01201930317787645
3317.9581412158827,638.1373279067715,-1458.7282273667672,-4.494492307011301,0.007197153716999972
3329.5189709762167,635.2268485926879,-1447.54147623201,-4.42438550258615,0.00545379698859748
3341.0798007365506,631.6187212126773,-1436.5591864988041,-4.368506854697658,0.003899746600634485
3352.6406304968846,627.525451906253,-1425.7475392583722,-4.336559810263548,0.0017806402985601133
3364.201460257219,623.1977781217904,-1415.0273209806123,-4.32281281165146,0.000745684317779935
3375.762290017553,618.7726187688926,-1404.3469381663278,-4.317346998391817,0.00023216629240463573
3387.323119777887,614.3195999850179,-1393.6781327597541,-4.317739168785371,-0.00034807135845835857
3398.8839495382213,609.9080552223209,-1382.9921298658448,-4.324821316309593,-0.0007671429444788755
3410.444779298555,605.5865395510673,-1372.2694065310354,-4.333732037003003,-0.0007765820966612964
3422.005609058889,601.3639204212176,-1361.5073522913522,-4.343652056413073,-0.000993124841153404
3433.5664388192235,597.268181232669,-1350.696391203837,-4.357790742484349,-0.0014791563951663594
3445.1272685795575,593.3565762766917,-1339.8174902203843,-4.37736543968015,-0.0018409222154944834
3456.6880983398914,589.6721466004271,-1328.8595732614203,-4.398508647992379,-0.001752871946458057
3468.248928100226,586.2087932399128,-1317.8297623068254,-4.417250466393675,-0.0014881939134684498
3479.80975786056,582.9365736284022,-1306.7417265717816,-4.433216742756066,-0.0012929423577384659
3491.3705876208937,579.8313738653317,-1295.6057577368254,-4.44746750567195,-0.0011753815563209386
3502.931417381228,576.8768497995259,-1284.4288655475755,-4.460076092363655,-0.000982128812296516
3514.492247141562,574.0482083274603,-1273.2194424854895,-4.46976784257199,-0.0006933576982678249
3526.053076901896,571.3106208774743,-1261.9874253551304,-4.476492185526914,-0.0004981751768471091
3537.61390666223,568.6397061822217,-1250.7393642462896,-4.4819680642946516,-0.00047496227878969
3549.1747364225644,566.0317214177599,-1239.4765463796707,-4.487863671569879,-0.0005473648548975633
3560.7355661828983,563.4939934349015,-1228.1976911921333,-4.494257218634813,-0.0005294551599202172
3572.2963959432323,561.0234756214018,-1216.9039202051604,-4.4994705421261285,-0.0003597007174224175
3583.8572257035667,558.6000096299456,-1205.5999568693292,-4.502590898027991,-0.0001903663495845817
3595.4180554639006,556.2021807523843,-1194.290527087794,-4.504132172744157,-8.481067785287025e-05
3606.9788852242345,553.8157824622891,-1182.9786798375787,-4.504672350937095,-1.0534999727455135e-05
3618.539714984569,551.430691255119,-1171.6665569416407,-4.504351313495848,6.968721287664822e-05
3630.100544744903,549.0362389810493,-1160.35641198859,-4.5029763939354295,0.00016986105772292314
3641.661374505237,546.6199445267282,-1149.0509141934483,-4.500554718568659,0.0002346095608182805
3653.2222042655712,544.1743635848168,-1137.7517157898944,-4.498019677964041,0.0001859105610303525
3664.783034025905,541.7048628369248,-1126.4577201141774,-4.496377378906384,0.00010835919178631355
3676.343863786239,539.2198247365803,-1115.1671328986567,-4.495031269087812,0.00015032418989140397
3687.904693546573,536.7137817724149,-1103.8811898463325,-4.4924148507557415,0.00031574126108202153
3699.4655233069075,534.1662422060592,-1092.6045425199834,-4.487613268324479,0.0005139934966755862
3711.0263530672414,531.5510931747439,-1081.3433906966945,-4.480259394945559,0.0008019335468905617
3722.5871828275754,528.8255096716105,-1070.108457319667,-4.466838301316439,0.0017016410670064464
3734.1480125879098,525.853964102672,-1058.936337054896,-4.431983207612159,0.004799624540179827
3745.7088423482437,522.2622073909347,-1047.9493464050486,-4.354711768507722,0.007813654601545294
3757.2696721085777,517.7464185852086,-1037.308646541495,-4.269804547563964,0.006648123779704624
3768.830501868912,512.4197823086154,-1027.0487825004088,-4.198786248133109,0.0058287750415848575
3780.391331629246,506.4081825163335,-1017.1741560011509,-4.132506632979984,0.005708489395007832
3791.95216138958,499.75354131610743,-1007.720820077841,-4.06470462116277,0.0061488060481653265
3803.5129911499143,492.4337942899804,-998.7729697585763,-3.9854682746701195,0.007898836520293965
3815.0738209102483,484.31302134708886,-990.5470160706861,-3.874847338199388,0.011195341091892026
3826.6346506705822,475.2205204831068,-983.4130172522251,-3.738158422798359,0.01156385578232248
3838.195480430916,465.2720796313138,-977.527784129981,-3.6178781955362997,0.009305492024541319
3849.7563101912506,454.7432492890336,-972.7554726258279,-3.519003387590129,0.007956721663356361
3861.3171399515845,443.81814529162955,-968.9758459750643,-3.431859441049807,0.007155684613587577
3872.8779697119185,432.6175891055836,-966.113946974132,-3.352878923918562,0.0065127410652620855
3884.438799472253,421.2339097827526,-964.1014693907566,-3.2817755259113492,0.005717201439384578
3895.999629232587,409.7428822933726,-962.8393840301314,-3.222637231079954,0.004465655959093091
3907.5604589929208,398.20160226233867,-962.1775485378197,-3.1764946226962807,0.0037914923520469216
3919.121288753255,386.64230912133684,-962.0435024795995,-3.1284782839903964,0.0044364539489150845
3930.682118513589,375.0906884917528,-962.4861140622677,-3.078879538836477,0.004105072528578188
3942.242948273923,363.5738789952607,-963.4877408891771,-3.029815735141006,0.004620763963288803
3953.8037780342574,352.12945523640354,-965.118678253035,-2.9665690323182905,0.0065239891328034314
3965.3646077945914,340.8423950206602,-967.6122185868303,-2.877497687198872,0.00867497840543016
3976.9254375549253,329.85302325547786,-971.1948453184979,-2.7761011629983314,0.008336784576188881
3988.4862673152593,319.25179548268505,-975.8029731663788,-2.690736500139972,0.006448138300615683
4000.0470970755937,309.0290523426682,-981.2001830895847,-2.622599031152471,0.005572432117315012
4011.6079268359276,299.18123186561064,-987.2546241567638,-2.557811601546203,0.005712575425096037
4023.1687565962616,289.75314019786697,-993.9437312814379,-2.4912831328150262,0.005695926622195948
4034.729586356596,280.7839665341966,-1001.2367383695489,-2.42693798528243,0.0055089376719592575
4046.29041611693,272.3042214423121,-1009.0933946078218,-2.3605622174387566,0.006077817544488478
4057.851245877264,264.39406781663104,-1017.5231084666166,-2.2878655575917626,0.006265021484443682
4069.4120756375983,257.10298268549235,-1026.4942108355642,-2.2207058845292655,0.005217993864522569
4080.972905397932,250.3656062750392,-1035.8888892117122,-2.167402670331869,0.0040627574417189845
4092.533735158266,244.08055629563148,-1045.5922149845733,-2.125185555884372,0.0033075157712334066
4104.094564918601,238.17447555005631,-1055.53079642703,-2.089538627985107,0.0029138722243623382
4115.6553946789345,232.609741544809,-1065.6644235310682,-2.0565282219109946,0.0028557653435337944
4127.216224439268,227.38695229240358,-1075.9783321466523,-2.0218237850300493,0.003230658466909277
4138.777054199602,222.5570169326091,-1086.4818693144373,-1.9803305263850548,0.003961649606599892
4150.337883959936,218.2024871938117,-1097.1909127220586,-1.934187086009271,0.003684492053025439
4161.898713720271,214.29197135087205,-1108.070138667694,-1.9008751624935236,0.0019940247443348
4173.459543480605,210.64018063605897,-1119.0390386250558,-1.8858011900776692,0.0007782752053106027
4185.020373240939,207.0941583839829,-1130.0426043911964,-1.8803203077532953,0.00024185942776126595
4196.581203001273,203.58198150996432,-1141.0570222165825,-1.8790784256660449,6.384651597889577e-06
4208.142032761607,200.07211611328714,-1152.0721767662728,-1.879620455161341,-8.229526615401999e-05
4219.702862521941,196.55265743714213,-1163.0842698411266,-1.8806581589755311,-8.643661415452864e-05
4231.263692282275,193.02274025506867,-1174.0930149575547,-1.8814187220597578,-3.7457115219264845e-05
4242.82452204261,189.48837071818846,-1185.1003314655336,-1.8814165834349375,3.6478586548231865e-05
4254.385351802944,185.95817053440277,-1196.1089857777547,-1.8807450716901852,6.768750446001372e-05
4265.946181563278,182.43588844316014,-1207.1201761250536,-1.8801007997491352,3.647030512824926e-05
4277.507011323612,178.91792319499086,-1218.1327464429216,-1.880020479245633,-2.5738915796570224e-05
4289.0678410839455,175.39668538904056,-1229.1442707208955,-1.8806858678741276,-8.122733343830117e-05
4300.628670844279,171.86608393249577,-1240.1527962142793,-1.881566032208808,-6.017028212400025e-05
4312.189500604614,168.32777642999926,-1251.1588474371363,-1.8820911062581107,-4.059347243343781e-05
4323.750330364948,164.78364482179882,-1262.1630245698777,-1.8827440649760183,-8.249516830720951e-05
4335.311160125282,161.22841513859942,-1273.163620925237,-1.8842166473774322,-0.00018014789553975603
4346.871989885616,157.64993901833986,-1284.1566771735595,-1.8870338382111118,-0.00030999355112484265
4358.43281964595,154.03183941237006,-1295.1367557218489,-1.8914795599216925,-0.00046733357743031814
4369.993649406284,150.35323993435216,-1306.096715647448,-1.8982944534150437,-0.0007469559309672474
4381.554479166618,146.57622389822174,-1317.023142093343,-1.9101944837801124,-0.0014092025464292532
4393.115308926953,142.61179476500368,-1327.8829065206974,-1.9345217433918953,-0.0030010079067367573
4404.676138687287,138.2671326733534,-1338.595834557235,-1.9817136705904406,-0.005064292700506935
4416.236968447621,133.3226415692825,-1349.044906605388,-2.0447580692963157,-0.0055961707672347
4427.797798207955,127.71238829095255,-1359.1520069034432,-2.1112775556578938,-0.006133599138108172
4439.358627968289,121.38284730532096,-1368.8240150091058,-2.193707668784558,-0.00841984283518388
4450.919457728623,114.13863163027887,-1377.828251594603,-2.30842847624767,-0.01124439443546726
4462.480287488957,105.80535657639452,-1385.8315372091968,-2.446356661600262,-0.012298896763100234
4474.041117249291,96.43034208611407,-1392.5839085866892,-2.5884358592311836,-0.01237542525349878
4485.601947009625,86.17535971444775,-1397.9032820825082,-2.7421696871481696,-0.01459274201971499
4497.162776769959,75.18118262931449,-1401.4405463982337,-2.920027597163792,-0.015383297116893867
4508.723606530293,63.736656119646554,-1402.9992854470347,-3.089872864733332,-0.01405902877272588
4520.284436290627,52.1883033133113,-1402.6975298845553,-3.241767575466996,-0.012226293070931352
4531.845266050961,40.80539880470712,-1400.7225306495386,-3.3883955017670764,-0.013780767339507583
4543.406095811296,29.85847101365455,-1397.0322226562273,-3.5373517214972,-0.009841602290162626
4554.96692557163,19.374611554832008,-1392.1627890331008,-3.5990872208313545,-0.0014642618113707981
4566.527755331964,8.993854376649626,-1387.0744161029909,-3.586677320403626,0.0032430958490425213
4578.088585092298,-1.5681663912471564,-1382.3767623113372,-3.5250468149168284,0.007680670366354429
4589.649414852632,-12.506356352326124,-1378.6497221292398,-3.4049782910884585,0.0126315399574184
4601.210244612966,-23.855024211916827,-1376.4870762941352,-3.2552215035176917,0.012556945917791664
4612.7710743733005,-35.39836715065146,-1375.973684926947,-3.120498587331403,0.010730195192732616
4624.331904133634,-46.91507649432052,-1376.9217929479414,-2.9967089470661135,0.011768471171281464
4635.892733893968,-58.174868636983895,-1379.4932823771817,-2.8284347290721903,0.015678276098465258
4647.453563654302,-68.85604747018084,-1383.8963695463465,-2.683811155963137,0.010498898352507639
4659.014393414636,-78.84446748094545,-1389.7023160509807,-2.5334137770402685,0.01628780601354633
4670.57522317497,-87.68499046409259,-1397.1382787378172,-2.361933185174785,0.011054478936176546
4682.136052935304,-95.50750806561939,-1405.6507703439731,-2.2782272681923303,0.004654559443225696
4693.696882695639,-102.82510443340054,-1414.6004271750107,-2.2380127640546936,0.0026374600237899903
4705.257712455973,-109.8547962797408,-1423.7795370840417,-2.211810421425352,0.0020486976504797373
4716.818542216307,-116.65858126623557,-1433.1261800457096,-2.1880655000735967,0.0021358456802798203
4728.379371976641,-123.22657982550668,-1442.6404593230632,-2.1610657671054256,0.002590192409932158
4739.940201736975,-129.50400531654637,-1452.3490127030911,-2.127095583151265,0.003288326453412506
4751.501031497309,-135.41229860664947,-1462.2862536567359,-2.086843710562836,0.003522268000236333
4763.061861257644,-140.92312287316923,-1472.4491123409202,-2.0503422106726816,0.0025783672860264844
4774.622691017978,-146.13391616241174,-1482.769032319406,-2.029285087535034,0.0011035675189668154
4786.1835207783115,-151.20744527061814,-1493.157090250137,-2.022882770249371,0.00010033933009557987
4797.744350538645,-156.2653176505372,-1503.5528020545723,-2.025579059724778,-0.0005477896477640838
4809.305180298979,-161.38978837652175,-1513.9158259903643,-2.035860313081462,-0.0012629686952657939
4820.866010059313,-166.6662446257972,-1524.2022474451664,-2.055178453101067,-0.0020393689501014174
4832.426839819647,-172.1774322784509,-1534.364766345163,-2.080713180726585,-0.002291381483672239
4843.987669579982,-177.95481995337397,-1544.378329698931,-2.107770722306552,-0.0024523906025768257
4855.548499340316,-184.01962138983768,-1554.2204341228414,-2.1397774104535157,-0.0032058746831630817
4867.10932910065,-190.45254937074256,-1563.8256354273378,-2.1852708421266476,-0.004902994769513389
4878.670158860984,-197.44570616330688,-1573.0290906291757,-2.2655235620705576,-0.010116277946429202
4890.230988621318,-205.53120942032788,-1581.273781151003,-2.446889132974,-0.019192953317315128
4901.791818381652,-215.09478904093638,-1587.7452693790576,-2.6352497279092293,-0.014021928692827928
4913.352648141987,-225.6252313078274,-1592.4915753902292,-2.8067544413467203,-0.016895892187511415
4924.913477902321,-236.87206192653974,-1595.0880624378567,-3.0288894397855866,-0.0197426871678611
4936.474307662655,-248.41932377473867,-1595.2222167539019,-3.2158916802049435,-0.012314603197422282
4948.035137422989,-259.8658920968163,-1593.6395908609115,-3.3378564931672594,-0.010070448519421592
4959.5959671833225,-271.03797292711266,-1590.6918536137393,-3.464218018942634,-0.011295798592798308
4971.156796943656,-281.7608040559941,-1586.3840174044087,-3.5753056806432197,-0.0074901047188320165
4982.717626703991,-292.07149796292873,-1581.1584049296978,-3.638975916588237,-0.003867514507955953
4994.278456464325,-302.122767190613,-1575.447585279933,-3.676067835631284,-0.0030801204856508854
5005.839286224659,-311.95490860237516,-1569.3675086156456,-3.715697537517309,-0.0034483599823313055
5017.400115984993,-321.5482100796459,-1562.9167649874962,-3.749272013970128,-0.00234851829966066
5028.960945745327,-330.9600621524564,-1556.2036053242323,-3.77176416635263,-0.0016896654568573216
5040.521775505661,-340.2307934111134,-1549.2968112159149,-3.7930589875159963,-0.0022311009581065847
5052.082605265995,-349.31073021691867,-1542.1413839635707,-3.8284468934149967,-0.00400715418040832
5063.64343502633,-358.0538967236815,-1534.5790480849093,-3.8832337165925495,-0.005198676384145593
5075.204264786664,-366.3257914159921,-1526.5045629502488,-3.949149432121248,-0.006557044715987054
5086.765094546998,-373.9642710199024,-1517.8297151066886,-4.033251689967763,-0.0072976247425434165
5098.325924307332,-380.8750087474284,-1508.5636036299863,-4.105881831147934,-0.005318683089642517
5109.886754067666,-387.184152812013,-1498.8770888422011,-4.164012356224916,-0.005196938756119094
5121.447583828,-392.8671952002994,-1488.811257893703,-4.239097862257852,-0.008422459969016785
5133.008413588334,-397.54246028221013,-1478.243014842626,-4.358419804770216,-0.011183049690053778
5144.569243348668,-400.8849292476963,-1467.1802285562926,-4.474835127971376,-0.008907746167878318
5156.130073109002,-403.04669257524915,-1455.8259705304883,-4.5725564312435845,-0.008283666930229602
5167.690902869336,-404.1091275499153,-1444.3164909904506,-4.667741926387223,-0.008064435898179902
5179.25173262967,-404.106798258573,-1432.7576365687146,-4.755228873736096,-0.00692870007438091
5190.812562390004,-403.1854862303674,-1421.2346885426214,-4.82586700919718,-0.0052578175212348996
5202.373392150338,-401.56216994867975,-1409.788819155896,-4.877990837467443,-0.0038677531658346375
5213.934221910673,-399.42028754229943,-1398.428292832475,-4.918226919175424,-0.003210004864569015
5225.495051671007,-396.85206006017296,-1387.1564385199638,-4.954444931267058,-0.0031297111048420576
5237.055881431341,-393.8743831820447,-1375.9858146283163,-4.9918040182446655,-0.0033646895633982032
5248.616711191675,-390.4631194663034,-1364.9400167550002,-5.032779488462876,-0.0037438727573650297
5260.177540952009,-386.57620650143156,-1354.052705858438,-5.078669050797098,-0.004172059483713057
5271.738370712343,-382.1750783892264,-1343.3630590164962,-5.126965424294589,-0.004019752395903647
5283.2992004726775,-377.290029146874,-1332.8854996279968,-5.168650627225288,-0.0031510670180210434
5294.8600302330115,-372.02333931783033,-1322.594238100152,-5.200949368305945,-0.002527580466078463
5306.420859993345,-366.4529125598914,-1312.4640781148792,-5.2291398212645195,-0.002418426490980295
5317.981689753679,-360.5998716619767,-1302.4945485312853,-5.2575048735668455,-0.0024725262554796926
5329.542519514013,-354.4663307729702,-1292.6951114052874,-5.285539289792151,-0.0023596672214313613
5341.103349274347,-348.06586923095057,-1283.0678966555304,-5.312829823315762,-0.002431006275355255
5352.664179034681,-341.3972839736596,-1273.624463633899,-5.341690798355772,-0.0024389597535223336
5364.225008795016,-334.4723345262955,-1264.3672776821168,-5.366202709843549,-0.0017340829388581712
5375.78583855535,-327.3610089877632,-1255.2523730678645,-5.382572923814511,-0.001168023921015581
5387.346668315684,-320.12409895417045,-1246.2368316026757,-5.394607960194116,-0.0009665579599643485
5398.907498076018,-312.7844623785654,-1237.304719506637,-5.406024017401893,-0.001056067626178232
5410.468327836352,-305.3335648524318,-1228.4652261138094,-5.420307017430474,-0.0014904514913584815
5422.029157596686,-297.72813676308897,-1219.7584229324348,-5.4418149026428715,-0.002174353085939806
5433.589987357021,-289.91582985155304,-1211.2368484780677,-5.466224837137239,-0.0018005787948873811
5445.150817117355,-281.9301967709419,-1202.877337981436,-5.4822059319253285,-0.0010797161564386124
5456.7116468776885,-273.8351539004011,-1194.62369565248,-5.4939006917287445,-0.001039535806741891
5468.272476638022,-265.6382922829581,-1186.4711696376214,-5.507824112450358,-0.0014111282294881533
5479.833306398356,-257.3096371613154,-1178.4533703084978,-5.52646313029123,-0.0017580389962328293
5491.39413615869,-248.8229418392349,-1170.603062624439,-5.546894301260655,-0.0017206449082099561
5502.954965919024,-240.18231798033244,-1162.9224784260532,-5.565929584001196,-0.0015881882518553243
5514.515795679359,-231.40131822230168,-1155.4027668091983,-5.58403858330768,-0.0015608455694313503
5526.076625439693,-222.4854776259084,-1148.0434260863972,-5.602349626685153,-0.0016251160454974173
5537.637455200027,-213.4319256095332,-1140.8541908707625,-5.622187011990258,-0.0018367577414995413
5549.198284960361,-204.2268714906973,-1133.86003427002,-5.645314388025573,-0.002162889654356761
5560.759114720695,-194.85143334156717,-1127.0960490781374,-5.671262699076731,-0.002248839741448736
5572.319944481029,-185.3058519385313,-1120.574342538378,-5.695777999673563,-0.001952898196150876
5583.880774241364,-175.61567957067075,-1114.2693913134879,-5.716225286014776,-0.0015900395759133037
5595.441604001698,-165.81123352997696,-1108.1435920785477,-5.732541648197211,-0.0012286899558728729
5607.002433762032,-155.92091630447146,-1102.1573973303316,-5.744535105406058,-0.0008459211282029934
5618.563263522366,-145.97230712024094,-1096.2685867176976,-5.752248343135783,-0.0004997062308507552
5630.1240932826995,-135.98936095156347,-1090.4381818562945,-5.7564187560740745,-0.00023703059258792906
5641.684923043033,-125.99001433943742,-1084.635953344159,-5.758047869962298,-5.704856624657358e-05
5653.245752803367,-115.98648243287384,-1078.8409437396817,-5.757988709467081,5.658256257139627e-05
5664.806582563702,-105.98625258446062,-1073.0402381520596,-5.757077405137801,8.300362480811721e-05
5676.367412324036,-95.99104100592223,-1067.2308895444332,-5.756444061956822,1.6308021485994428e-05
5687.92824208437,-85.99712481185223,-1061.4193128731868,-5.756567001764975,-1.8068015001719394e-05
5699.489071844704,-76.00268841894311,-1055.608630839785,-5.756387868211339,6.78348932064155e-05
5711.049901605038,-66.01331993602813,-1049.789240238933,-5.7546481620013195,0.0002453194948365227
5722.610731365372,-56.04090961253413,-1043.9408318370108,-5.7504302284562305,0.0004976937767626798
5734.171561125707,-46.10284612981222,-1038.034231737965,-5.742775338430248,0.0008451786777210429
5745.732390886041,-36.22355281278881,-1032.0298124390504,-5.7304950352029245,0.0012913831638341853
5757.293220646375,-26.43510782160286,-1025.8783502751082,-5.712843915275176,0.00175068674980123
5768.854050406709,-16.772157535934806,-1019.5315238233867,-5.690617493042445,0.0020613292045050294
5780.414880167043,-7.261934867580679,-1012.9580327630856,-5.665927231116995,0.0021844225102809543
5791.975709927377,2.07959663483573,-1006.1469294213589,-5.640303112796248,0.0022554691708990176
5803.5365396877105,11.239747066792454,-999.0937850412002,-5.61343021283874,0.0024132378180451997
5815.097369448045,20.198908800036858,-991.7870592980827,-5.584151726282924,0.0026584781569431028
5826.658199208379,28.929234901110803,-984.2084527579696,-5.551938337547987,0.002911276633933152
5838.219028968713,37.399392013557794,-976.3402419499126,-5.516747501032844,0.0031946583437535234
5849.779858729047,45.57198306522633,-968.1635139843519,-5.477511605102815,0.003612075332169681
5861.340688489381,53.39679981199916,-959.6535461694757,-5.433632803692184,0.0039103487424487415
5872.901518249715,60.833322575296165,-950.8022956731762,-5.389007800517667,0.0037361863177723174
5884.46234801005,67.88218470611609,-941.6392489378678,-5.347892167465227,0.0033875397694449402
5896.023177770384,74.56540619092497,-932.2061389484894,-5.3100806565461545,0.00317770673921103
5907.584007530718,80.8972820810113,-922.5336542244863,-5.274271639862454,0.003000875596026669
5919.144837291052,86.89171240000641,-912.6484553101541,-5.241413680220908,0.0026508107467661146
5930.705667051386,92.58136352830354,-902.5846955106306,-5.2133152205029845,0.0022251482332914323
5942.26649681172,98.00852219300867,-892.3769509744318,-5.189298208612306,0.0019581056567915494
5953.827326572054,103.20283136195275,-882.048751094439,-5.167895285352488,0.0017222950505279434
5965.3881563323885,108.1921680090702,-871.6199587266974,-5.15010194154728,0.0013351054301344834
5976.948986092722,113.0201625166181,-861.1154864524939,-5.137097633370693,0.0009330704957989788
5988.509815853056,117.73278839763552,-850.558761703156,-5.12787520706723,0.000690704644465647
6000.07064561339,122.35934510119458,-839.9640391510433,-5.120513961329223,0.0006081015622925648
6011.631475373724,126.90979328026154,-829.3364035513672,-5.113242105241751,0.0006759424858921305
6023.192305134058,131.3751621918282,-818.6727455645403,-5.1041743648370534,0.000929615585777995
6034.753134894393,135.72258637154548,-807.9604548579069,-5.090593280494586,0.0014827005190569912
6046.313964654727,139.88325374609317,-797.1742714597821,-5.069008933511704,0.002242003874337219
6057.874794415061,143.7666614384706,-786.2852260783776,-5.040104841911181,0.0026559210801030547
6069.435624175395,147.31959723246248,-775.2838227904093,-5.009577463492342,0.002591293519747189
6080.996453935729,150.54132441588308,-764.1808238259318,-4.980185848316255,0.0025098907964324333
6092.557283696063,153.43790124682604,-752.9884974847422,-4.9509548047299266,0.002575084182303593
6104.118113456397,155.9980810494621,-741.7143885073002,-4.919938969214509,0.002825873880110911
6115.678943216732,158.18573964372956,-730.3620086299367,-4.884587320996523,0.003345210771167928
6127.2397729770655,159.92770137804033,-718.9327361363593,-4.840801571086902,0.0043263238916475925
6138.8006027373995,161.09064387034084,-707.4299958242922,-4.782720010803106,0.005756418897385618
6150.361432497733,161.4897713560292,-695.8758001735573,-4.709161006047469,0.006734065727394982
6161.922262258067,161.01095082755927,-684.3247185615836,-4.634257161289026,0.005984996785567086
6173.483092018401,159.74110389761123,-672.8336686176112,-4.573046702540271,0.004638529653958417
6185.043921778736,157.84790118894898,-661.4287154515288,-4.523979647212588,0.0039844079848769245
6196.60475153907,155.4254653726171,-650.1243525336762,-4.478805606643318,0.0038643134168860446
6208.165581299404,152.50238651750573,-638.9390374529996,-4.4352413236813835,0.003599034477704808
6219.726411059738,149.12281119840938,-627.883187231435,-4.397770403308334,0.002801932898551404
6231.287240820072,145.38833500514593,-616.9421498326296,-4.370973632009469,0.0018661892750098785
6242.848070580406,141.4138556191091,-606.0860160185476,-4.352879675330165,0.0013605475385706756
6254.40890034074,137.2637721578982,-595.2958029127147,-4.33759357867857,0.001325807382969835
6265.969730101075,132.95038714050003,-584.5698425829063,-4.322824204346874,0.0011381525220070957
6277.530559861409,128.50003266199357,-573.8999559612936,-4.312630915573172,0.0006401915985760143
6289.091389621743,123.96750512641303,-563.2646946562603,-4.306926712667266,0.0003627274876581933
6300.6522193820765,119.39024576048509,-552.6486005628677,-4.304148623437494,0.00012868821336401335
6312.2130491424105,114.79605006620224,-542.0398235487123,-4.303533663426125,-3.998691548488072e-06
6323.773878902744,110.2016350609904,-531.4311414675716,-4.303970226642206,-6.502273303012553e-05
6335.334708663079,105.61502768629364,-520.8190812921749,-4.30497284969086,-0.00010896754376946292
6346.895538423413,101.04200130097988,-510.2011616367671,-4.306569245274442,-0.00017402028285958956
6358.456368183747,96.49103618913186,-499.5737674626786,-4.309257264922307,-0.00030727512001123573
6370.017197944081,91.979221164143,-488.9296962524889,-4.314182737214896,-0.0005694407410732162
6381.578027704415,87.53866169979362,-478.2557103488529,-4.322802531483131,-0.000915755353141165
6393.138857464749,83.20880615686104,-467.5363489615987,-4.3344567738204285,-0.0010508903520814244
6404.699687225083,79.00730904402374,-456.76601986847464,-4.346323774466432,-0.0009995829822259995
6416.260516985418,74.93225392120561,-445.9472058369369,-4.358180265667001,-0.0010981093316062883
6427.821346745752,70.9988978090095,-435.0760731870328,-4.373196231241764,-0.0015810317008158313
6439.382176506086,67.26970183186945,-424.13322705257355,-4.396429217062103,-0.002473010175499339
6450.94300626642,63.85152180293291,-413.0893778470174,-4.429055085053866,-0.0029760678319874566
6462.503836026754,60.80046428107715,-401.93849662544795,-4.460150551935716,-0.00226320213697096
6474.0646657870875,58.040127591674704,-390.7120723403624,-4.480648868090022,-0.0013503552694216563
6485.625495547422,55.46110244917784,-379.44259103946473,-4.493352938014279,-0.0009188573742401839
6497.186325307756,53.005143841632275,-368.1456453045396,-4.503031243706961,-0.0007822803723830123
6508.74715506809,50.65203716129244,-356.82682769355944,-4.511653963892876,-0.0007055336212328339
6520.307984828424,48.39101516386474,-345.48925227859496,-4.519237378448626,-0.000604002064686015
6531.868814588758,46.20934089758644,-334.13613873902375,-4.52566350953215,-0.0005135843145701666
6543.429644349092,44.095533101205085,-322.77019317933235,-4.53125848289119,-0.000460066609575218
6554.990474109426,42.04254919766737,-311.39310426217696,-4.536421263210969,-0.0004378410271464577
6566.551303869761,40.0474594676371,-300.00572179547686,-4.541479927558487,-0.00044088560082945175
6578.112133630095,38.11059157465177,-288.60829433620006,-4.5466662263329525,-0.0004557779820637548
6589.672963390429,36.23355598689003,-277.200863166804,-4.55193193938924,-0.000448807914861712
6601.233793150763,34.41538127365213,-265.7839040740514,-4.556936479420663,-0.0004214013105492116
6612.794622911097,32.65424601576788,-254.35800887275587,-4.562176659035764,-0.0005304545077046111
6624.355452671431,30.968865543967485,-242.9207080681917,-4.571217556250977,-0.0011868280365158797
6635.9162824317655,29.45660092422346,-231.4593967587214,-4.594948587259873,-0.0031015291581177884
6647.477112192099,28.345754284385325,-219.9528144963225,-4.639625309953569,-0.0043114569067905905
6659.037941952433,27.807139886217314,-208.40561727344084,-4.693810451315668,-0.0053429048593914875
6670.598771712767,28.022938287533584,-196.84959353421243,-4.77737257179429,-0.010132378779296356
6682.159601473101,29.700637222937583,-185.42687460701967,-4.962723450056791,-0.020795653624287303
6693.720431233435,33.85483575012077,-174.6655232608833,-5.213106208060511,-0.0316087548519142
6705.281260993769,41.873631973177986,-166.58413589783186,-5.798063954647054,-0.04808251925725427
6716.842090754104,52.989662604274876,-163.7126490848574,-6.198639785962082,-0.011342454271062645
6728.402920514438,64.48754197536043,-162.55572640375198,-6.105910124397459,0.02428973513987852
6739.963750274772,75.03165436415365,-158.1031794904465,-5.631487829791998,0.03810837098591303
6751.524580035106,82.1786062075667,-149.19608060374745,-5.065702103160273,0.06533478735176083
6763.08540979544,83.23110123968593,-137.77058473539782,-4.618161044594474,0.025024938946530795
6774.646239555774,80.74221968233441,-126.5057919512968,-4.38715741337762,0.01599413827062413
6786.207069316109,76.2192253739274,-115.87675787058518,-4.242920736518034,0.009816462780707285
6797.7678990764425,70.50473552341455,-105.83097965018615,-4.157684835445442,0.0041854244221602
6809.3287288367765,64.24861723426872,-96.10961203826675,-4.127303695144491,0.001845944711070293
6820.88955859711,57.791720517110804,-86.52003831718726,-4.115437295701247,0.00028449612516037536
6832.450388357444,51.28964424007844,-76.96096997444705,-4.115486671689984,-0.0001432208814604938
6844.011218117778,44.80073272325336,-67.39296219920571,-4.117549070492931,-0.00021742364672081772
6855.572047878112,38.336762909896855,-57.80808978273343,-4.12082949681966,-0.00035127955889007443
6867.132877638447,31.910189671477223,-48.198106404140376,-4.124993506530977,-0.0003043410331061955
6878.693707398781,25.515557168485103,-38.56683305795613,-4.127112454481351,-8.242842582607216e-05
6890.254537159115,19.131901090027096,-28.928279296942065,-4.127606856988248,-2.4739511235789018e-05
6901.815366919449,12.751587099827923,-19.287512860584975,-4.127955725159038,-4.868624442383e-05
6913.376196679783,6.375874432432817,-9.64370290132376,-4.128408121147107,-5.9735299935948944e-06
6924.937026440117,1.6760749147089193e-15,-3.160420110158565e-15,-4.1276727460955716,8.471352295445067e-05
